18;4861450254;Миронов;Касьян;Викторович;1999-11-07;79821312685
7;4387496291;Полина;Борисовна;Калашникова;1999-08-04;79827954171
10;4563758632;Борис;Григорьевич;Елисеев;2000-11-01;79903554538
18;2933958466;Романова;Алла;Оскаровна;2016-12-23;79298233227
17;4453876793;Мамонтова;Ирина;Вениаминовна;1996-11-19;79193435298
16;3749328995;Сафонов;Яков;Гордеевич;2007-01-14;79475100461
4;2456518449;Лавр;Гавриилович;Муравьев;1977-09-27;79391000911
18;4875791312;Иванов;Поликарп;Артурович;2012-10-04;79147729308
6;4066419049;Харитонов;Гордей;Яковлевич;1999-06-19;79551680308
18;2835967767;Агафья;Эдуардовна;Шашкова;1997-01-26;79255480777
2;4782069746;Лукина;Евфросиния;Алексеевна;1978-07-27;79916798404
15;3386519991;Фаина;Валериевна;Игнатова;2013-08-17;79372938632
11;2179277520;Елизавета;Антоновна;Полякова;1988-02-08;79232010783
15;4846341480;Одинцов;Лукьян;Авдеевич;1995-07-20;79829463419
18;2191924511;Федотова;Валентина;Ефимовна;1978-04-29;79205562970
17;3202514822;Беляева;Регина;Вениаминовна;1976-12-30;79417706649
10;2899502508;Самойлова;Надежда;Леонидовна;2015-07-04;79557662001
13;2505048412;Антонина;Ивановна;Михеева;1982-01-06;79132966592
11;3043973868;Сидоров;Сила;Еремеевич;2000-09-12;79418687611
13;3991157614;Гришин;Иван;Борисович;1998-11-27;79249220995
14;4214895598;Олимпиада;Федоровна;Самсонова;1991-09-29;79657986715
1;2483334403;Оксана;Валериевна;Борисова;2012-10-24;79225755585
9;2366204298;Кирилл;Виленович;Миронов;1972-08-06;79895366594
10;3501429089;Ульяна;Богдановна;Пестова;1982-08-24;79301737812
15;4656789081;Соболева;Жанна;Павловна;2004-08-21;79733448721
8;2422063841;Виталий;Андреевич;Трофимов;2005-03-12;79582088819
19;4426631997;Шашков;Валерьян;Филатович;1989-10-24;79157276546
8;4626067151;Прасковья;Тимуровна;Филиппова;1997-02-13;79851112967
9;4149020157;Андреев;Зосима;Эдуардович;1987-11-27;79976818280
16;4487521226;Сафонов;Натан;Филимонович;2013-06-30;79112064099
10;2374496890;Андроник;Ермилович;Дорофеев;2010-12-13;79629663150
10;3727468726;Фокина;Пелагея;Петровна;1989-07-30;79991033857
19;2920521046;Прокл;Филимонович;Колобов;1971-04-02;79641724741
18;2060810419;Юдин;Зиновий;Ааронович;2001-12-06;79198206663
19;2730377169;Пестова;Нинель;Романовна;2014-12-02;79602065949
8;3189664003;Екатерина;Григорьевна;Комиссарова;1991-07-09;79270222976
3;3657549286;Марина;Никифоровна;Блинова;1995-03-04;79366851080
12;4361259692;Нифонт;Ефстафьевич;Коновалов;1994-09-24;79801162753
11;4160299978;Быкова;Ольга;Дмитриевна;2003-08-27;79099209643
12;3340826015;Ия;Константиновна;Гаврилова;1989-12-06;79805482026
1;3459355734;Молчанова;Агафья;Ниловна;1990-11-19;79925585956
19;2516379990;Русаков;Иосиф;Зиновьевич;1996-05-20;79208899702
17;3958789672;Надежда;Валентиновна;Антонова;1973-08-10;79758520184
8;4877565520;Тихонов;Борислав;Федосьевич;1994-02-17;79795920491
10;2865900728;Белоусова;Евгения;Аскольдовна;2009-12-21;79055724564
1;3440896978;Белоусов;Федот;Давидович;2005-12-26;79485400065
16;4893866183;Медведева;Лора;Тимуровна;1974-12-06;79623980596
2;4477271363;Сысоева;Агата;Оскаровна;2005-10-19;79215248253
18;4271072809;Евлампий;Фокич;Емельянов;1973-09-14;79114965760
14;3505471466;Парамон;Фокич;Мухин;1998-05-24;79426783434
1;4997185965;Андреев;Милен;Фомич;1986-06-25;79682565513
8;2907051191;Зинаида;Вячеславовна;Захарова;1976-11-24;79041711345
12;3195188611;Марина;Владиславовна;Кулагина;2002-10-12;79345019011
11;3047442799;Носов;Никанор;Богданович;1994-01-01;79323764941
18;2212112215;Алевтина;Евгеньевна;Ермакова;1976-07-02;79140788500
5;3817743131;Надежда;Рубеновна;Кондратьева;2012-06-16;79498807121
8;4167678209;Филипп;Валерианович;Михайлов;2019-04-28;79116690024
8;4393977599;Валерия;Евгеньевна;Лыткина;2020-12-11;79360822059
10;3859425828;Силантий;Власович;Зимин;1999-12-29;79627772919
6;2346666042;Ладислав;Вилорович;Никитин;1986-05-22;79415560700
2;3208779082;Савелий;Артурович;Большаков;2021-07-11;79617076829
1;4198634043;Павлова;Наина;Эдуардовна;1990-06-27;79525682084
3;2794852586;Мясников;Глеб;Вилорович;1977-04-13;79861006137
14;2870221735;Калашников;Герасим;Бориславович;2018-11-04;79160444432
17;3026205051;Петухова;Кира;Алексеевна;1985-07-02;79438965736
3;2768350047;Ксения;Петровна;Кабанова;1998-11-13;79321245368
19;4488851667;Валерьян;Фролович;Ковалев;2009-08-07;79567812123
13;4000425716;Рогов;Вениамин;Харитонович;2010-07-28;79091112215
15;4842512245;Виктория;Олеговна;Исакова;1978-09-16;79173055286
7;3015270192;Ия;Игоревна;Голубева;1995-03-25;79915049102
5;4475215129;Кузнецова;Раиса;Кузьминична;2016-12-18;79992205518
11;4130489327;Каллистрат;Юлианович;Блинов;1980-02-09;79137112373
4;3602003496;Агафонов;Мариан;Измаилович;1974-03-29;79716309547
14;4931873635;Людмила;Петровна;Блинова;1986-03-04;79573375152
15;2606854155;Агафья;Кузьминична;Крюкова;1990-03-19;79472443684
12;3356487626;тов.;Дьячкова;Иванна;1980-09-10;79873281584
14;2118347738;Логинов;Болеслав;Ефстафьевич;2004-11-14;79066572698
6;2167470055;Силантий;Васильевич;Костин;2018-06-04;79801361976
19;3501050411;Анжелика;Матвеевна;Карпова;1989-08-28;79808692295
9;3517793711;Самсон;Марсович;Ефремов;2018-03-18;79716237082
16;2809376224;Панфил;Елизарович;Кузьмин;1977-06-26;79935708008
5;2647454599;Афанасьев;Игнатий;Эдуардович;2014-03-01;79016529079
1;2516782758;Соболев;Феофан;Тихонович;2013-01-02;79873569799
2;3052575781;Серафим;Валерьянович;Федотов;1980-05-04;79432422501
7;3428275056;Белоусова;Полина;Романовна;1974-06-26;79102323862
13;2393896769;Гусева;Зоя;Евгеньевна;1973-10-01;79342161704
1;4520718966;Овчинников;Мина;Иосифович;2006-01-01;79456428765
2;2458228276;Горбунов;Панкрат;Якубович;1978-09-27;79148477260
8;4025474415;Бажен;Геннадиевич;Трофимов;1993-12-12;79377804633
14;2878304888;Вениамин;Григорьевич;Русаков;2004-04-23;79505413778
7;4296024152;Белоусова;Елизавета;Игоревна;1999-12-22;79937841901
3;4009198589;Гусев;Максимильян;Глебович;1984-08-07;79744285370
2;3588014979;Константинова;Светлана;Вадимовна;2016-11-06;79895417276
12;3317078962;Юдина;Полина;Эльдаровна;2014-02-04;79991921590
1;2235197214;Тарасов;Мина;Зиновьевич;2000-08-15;79780746443
13;4902400546;Русакова;Нонна;Валериевна;1981-11-14;79844015611
13;2968361801;Яковлев;Илья;Тарасович;2009-10-16;79520861174
6;4740495003;Чернова;Элеонора;Ждановна;2005-10-02;79043558685
10;4291704196;Марфа;Рудольфовна;Борисова;1999-05-11;79478509677
8;3494862760;Нонна;Святославовна;Кудряшова;2011-10-04;79697765081
3;2828358217;Родионова;Алла;Феликсовна;2021-05-23;79009400753
19;3416152407;Демид;Гавриилович;Иванов;2019-12-19;79099201980
4;3379009823;Мишин;Ратибор;Витальевич;2021-05-27;79978867724
11;2285064471;Модест;Харлампович;Комаров;1998-06-15;79554840685
4;4232930985;Глафира;Игоревна;Якушева;1984-03-05;79767479818
14;3508094106;Воробьев;Ярополк;Эдгардович;1996-02-14;79542657550
16;4821749960;Потап;Тихонович;Мамонтов;1983-08-22;79909577907
5;2976952325;Денисов;Всеслав;Гертрудович;2020-11-20;79919252513
10;3317696292;Трофим;Венедиктович;Сысоев;2020-06-15;79106712036
16;4860998743;Надежда;Даниловна;Носова;1979-12-22;79581948735
8;2064458959;Олимпиада;Филипповна;Титова;1975-10-04;79874612824
3;4765842639;Кудрявцева;Лора;Николаевна;2006-10-09;79528942722
2;4342625123;Виноградов;Филимон;Валерьевич;1983-03-18;79833513732
2;3104276553;Станимир;Бенедиктович;Лапин;1995-01-29;79704709730
19;4113626325;Стрелков;Михей;Фролович;1970-11-16;79730580661
7;2545608571;Панфилов;Спартак;Арсенович;2008-01-23;79376293496
2;2937295630;Надежда;Валентиновна;Шарапова;1989-08-07;79394810677
12;3859053901;Буров;Любомир;Изотович;1974-07-25;79309791131
19;2641382425;Лазарев;Мирон;Фёдорович;2021-01-31;79067597165
19;3552759642;Прасковья;Анатольевна;Рогова;1997-03-02;79748998226
13;4897446174;Доброслав;Харлампович;Кононов;1997-10-20;79282013536
9;3952839121;Ия;Григорьевна;Осипова;1993-01-15;79808471144
14;3196077972;Евпраксия;Леонидовна;Соловьева;1973-11-12;79499383192
14;4293081460;Иванова;Евдокия;Валериевна;1988-12-14;79835136113
1;3552195418;Майя;Владимировна;Семенова;1973-02-20;79606864298
2;2971542154;Феврония;Натановна;Зыкова;2000-08-02;79440357172
13;4251269487;Силина;Анжела;Афанасьевна;2010-06-16;79018827195
12;3564945022;Ситникова;Зинаида;Святославовна;2013-12-04;79767209394
11;3776697958;Прохоров;Константин;Денисович;2007-11-22;79196994299
6;3292362570;Ефремова;Евдокия;Валентиновна;2009-03-23;79648684818
11;4102630192;Евгения;Константиновна;Лыткина;2017-10-09;79026926458
6;3855500272;Людмила;Богдановна;Максимова;1973-04-13;79421482386
1;2143550330;Никонова;Антонина;Никифоровна;1995-09-29;79322131083
1;4076913675;Емельянов;Боян;Эдгардович;2016-01-24;79463548806
3;2018381274;Яковлев;Тимофей;Арсенович;1978-01-09;79865746991
3;4611601717;Горшков;Евдоким;Тимурович;1984-10-03;79511563471
7;4006406730;Жданова;Анжелика;Афанасьевна;2011-08-19;79148090341
18;3564426248;Константин;Даниилович;Воробьев;2019-11-02;79643701008
8;2973152419;Гурьева;Эмилия;Никифоровна;1991-06-17;79227197204
19;2511674157;Савина;Акулина;Ниловна;2002-10-23;79698866644
8;3937478785;Пахомова;Ульяна;Константиновна;2000-09-08;79674433340
14;2918255290;Александра;Эдуардовна;Русакова;2009-02-21;79542347080
3;4896898878;София;Даниловна;Комарова;1976-08-14;79145102685
3;3671462157;Уваров;Святослав;Викторович;2001-06-07;79708359800
3;4537513920;Вадим;Григорьевич;Воронцов;1995-07-26;79107721237
2;2535856232;Радим;Александрович;Иванов;2011-09-16;79000902118
3;3049149460;Юлия;Александровна;Новикова;2013-10-07;79381201358
16;4036596561;Моисеев;Епифан;Иосифович;1989-09-27;79612188833
8;2308778014;Михайлова;Елена;Евгеньевна;2018-04-27;79815543820
2;4668113368;Зиновьева;Фёкла;Феликсовна;1985-07-11;79674072580
17;2247940349;Мартынов;Радислав;Авдеевич;1982-08-24;79442332588
6;3979947278;Порфирий;Давыдович;Калашников;1971-06-11;79664409920
4;3381600589;Наина;Владиславовна;Лыткина;1999-02-05;79680193044
13;4108582043;Доронин;Натан;Ильич;2014-07-26;79046821195
19;4370505907;Нонна;Богдановна;Родионова;2009-07-05;79685471375
16;3129540882;Яковлева;Глафира;Тарасовна;1999-03-25;79818053068
1;2390253406;Герасим;Давидович;Тихонов;1975-02-18;79724501075
17;4847089604;Георгий;Демьянович;Бобылев;1970-11-30;79472068257
5;4613822489;Лебедева;Агата;Юльевна;1994-02-02;79099618775
7;4603430025;Пахомова;Ольга;Эльдаровна;1978-05-12;79306273833
4;3582473222;Валентин;Викентьевич;Туров;1991-01-15;79550398114
17;2340896160;Анжелика;Робертовна;Фомина;2018-06-05;79788652226
1;2092144796;Савин;Гостомысл;Бориславович;1984-09-18;79874601057
6;4947596620;Варвара;Богдановна;Андреева;2000-05-27;79872754680
13;4003420582;Олимпий;Ермилович;Фролов;1975-11-24;79126884241
2;2666853081;Савва;Феофанович;Дементьев;2005-06-05;79844162126
5;3503000556;Орлов;Владислав;Богданович;1991-10-11;79468476506
7;2759062338;Лапина;София;Федоровна;2003-11-16;79905669923
3;4971659619;Одинцова;Милица;Константиновна;2009-06-03;79437380967
14;4585171570;Агафья;Семеновна;Никонова;2015-06-04;79464352747
19;2085029570;Богдан;Анатольевич;Егоров;2003-03-21;79080865891
7;3307448125;Виктория;Константиновна;Фокина;1993-04-27;79532728961
1;4806376957;Марков;Всеслав;Терентьевич;1999-04-02;79068922092
12;2828138591;Максимов;Наркис;Эдгарович;1980-04-21;79393895741
4;3891452608;Крылов;Иларион;Григорьевич;2019-08-27;79671412128
17;3120367267;Вера;Кузьминична;Максимова;1992-05-21;79029623339
6;4764819236;Валентин;Феодосьевич;Симонов;1980-08-24;79728542725
15;4358052887;Фёкла;Евгеньевна;Ларионова;2019-01-15;79760884785
4;2759074363;Логинов;Осип;Давидович;1973-08-03;79775337452
11;3962305641;Турова;Евпраксия;Артемовна;2014-04-23;79408952581
12;4057560603;Варвара;Андреевна;Одинцова;1993-11-17;79687523608
5;2605488871;Емельянова;Вера;Михайловна;1974-04-02;79466023855
15;2076237523;Прохорова;Алла;Дмитриевна;2000-05-20;79478675342
13;4946447319;Власова;Екатерина;Альбертовна;2003-05-11;79000180917
13;4718616891;Кабанов;Аверкий;Арсеньевич;2006-06-11;79345298188
7;2713960791;Святополк;Давидович;Павлов;1981-10-22;79832029575
15;2605991615;Сигизмунд;Бориславович;Рябов;2016-04-15;79753553522
16;4482911047;Евграф;Ермолаевич;Афанасьев;1977-10-30;79796178412
7;2898922943;Екатерина;Афанасьевна;Васильева;2010-01-17;79970912739
1;4415530835;Михеева;Лариса;Михайловна;2014-05-09;79666010235
19;4679408455;Жукова;Лора;Леонидовна;1977-03-09;79812597016
7;2616574422;Журавлева;Прасковья;Егоровна;2006-09-24;79317356616
2;4672195009;Нина;Романовна;Муравьева;1992-11-13;79025544730
3;2773441279;Калашникова;Марфа;Федоровна;1999-03-29;79112130537
12;3122125958;Горбачева;Ксения;Наумовна;1995-04-21;79671849894
15;3919494614;Наум;Васильевич;Козлов;2010-04-05;79256784925
14;3736758943;Аполлинарий;Гордеевич;Щукин;2006-08-22;79142456149
17;3657849696;Гущина;Ксения;Павловна;1976-01-18;79925009140
7;2589836599;Карпова;Нонна;Степановна;2000-07-25;79762469554
1;3773943326;Марфа;Геннадьевна;Белякова;1980-08-20;79071688718
16;3776857611;Анисимова;Юлия;Борисовна;2013-12-20;79121283192
11;3926124114;Евдокия;Константиновна;Бирюкова;1979-08-11;79631717641
19;2593152093;Жукова;Дарья;Валериевна;1980-04-20;79119869017
5;3819810705;Аксенов;Евграф;Димитриевич;2020-08-06;79832713989
16;2803410657;Иванов;Олег;Ааронович;1997-11-25;79765244198
1;3197852614;Муравьева;Кира;Святославовна;2006-06-12;79731036656
18;4814767705;Самсонов;Каллистрат;Демидович;1974-12-24;79461242937
6;3820792692;Агата;Аркадьевна;Кулагина;2007-12-18;79008103884
16;4211739218;Воробьев;Никодим;Харитонович;1994-02-03;79855562321
17;4667519288;Ульяна;Павловна;Белоусова;2006-05-26;79108510019
14;2551880699;Вацлав;Харламович;Лазарев;2008-08-05;79268088109
15;2923694151;Афанасьев;Тимур;Демидович;1986-09-08;79640955044
14;4351394291;Людмила;Ефимовна;Жданова;1971-02-24;79914334600
11;4117451644;Юдин;Юлиан;Эдгарович;1973-08-01;79151245407
18;2184434251;Анна;Никифоровна;Сидорова;2015-07-07;79169107035
13;2074671814;Лучезар;Гурьевич;Моисеев;2012-12-08;79392864909
7;4234942443;Русакова;Анна;Кузьминична;1974-09-28;79548985043
4;2516329492;Анна;Геннадьевна;Фомина;2000-04-08;79116387226
10;4309095719;Самойлов;Нестор;Феоктистович;2005-03-03;79473036705
4;2163985751;Тамара;Наумовна;Капустина;1974-10-05;79861479749
17;3169660095;Назаров;Степан;Федосьевич;2020-09-14;79211432617
12;3365775323;Белякова;Акулина;Романовна;2006-11-29;79049605592
15;4467992602;Гусева;Алла;Романовна;1993-03-02;79292763564
11;2742901341;Зинаида;Семеновна;Исакова;1997-04-24;79886980783
17;3117529019;Поляков;Никанор;Фокич;2007-03-04;79955684908
3;4093577849;Варвара;Павловна;Козлова;1997-06-22;79695421100
4;4623537470;Ираида;Павловна;Рожкова;1994-07-16;79128114526
2;4417764599;Флорентин;Устинович;Колобов;1986-01-30;79613419815
12;4821761013;Леонид;Федосеевич;Тарасов;1994-12-20;79553346731
8;3382604385;Мишина;Зинаида;Болеславовна;2009-05-01;79647517477
4;3553175098;Шубин;Болеслав;Теймуразович;1974-09-30;79531485482
13;3525911246;Татьяна;Петровна;Цветкова;1977-03-01;79570342965
14;2711037474;Сидоров;Зосима;Ермолаевич;2002-02-22;79827718938
18;2289475144;Корнил;Трофимович;Маслов;1983-12-02;79403425060
17;4243486007;Карл;Герасимович;Мухин;1979-10-13;79636562081
1;4367067555;Сафонова;Дарья;Станиславовна;1986-02-24;79092488274
1;4387130844;Алевтина;Олеговна;Медведева;1988-09-25;79504037471
6;3565267141;г-н;Кононов;Мир;2001-12-06;79502104930
5;2151669137;Эрнст;Димитриевич;Степанов;1977-11-19;79322190097
18;3217112605;Мамонтова;Светлана;Николаевна;1987-06-05;79537612170
7;4938607669;Будимир;Власович;Орлов;1979-06-21;79779816523
15;4704382896;Мясников;Адриан;Викторович;1982-08-15;79619051860
1;3239675378;Киселева;Агафья;Афанасьевна;1986-09-27;79478780021
15;2003370079;Емельянов;Гордей;Федосьевич;1991-03-09;79876042753
5;4467321620;Виктор;Ефимьевич;Никитин;2017-12-03;79081293599
15;2528251333;Лаврентьева;Вера;Кирилловна;1983-05-28;79225779802
7;2210399634;Лариса;Ниловна;Капустина;1988-02-28;79944812974
6;3593069290;Архип;Евстигнеевич;Дмитриев;1975-06-01;79170483674
7;4797823214;Надежда;Наумовна;Андреева;1978-12-10;79004840899
11;2850489518;Потап;Бориславович;Новиков;1978-09-23;79985458335
11;4443303548;Алина;Ждановна;Фомина;2015-02-16;79259084351
9;3478309078;Агафонов;Валентин;Антипович;2014-08-03;79657195124
3;4547538701;Лидия;Ефимовна;Зуева;1977-05-18;79313041980
14;3683108373;Русакова;Элеонора;Робертовна;2013-02-23;79620788494
1;3198698397;Лукин;Варфоломей;Феликсович;2009-04-28;79648177891
11;3473253117;Карл;Харитонович;Денисов;1985-04-07;79904597787
2;4219292924;Валентина;Владиславовна;Елисеева;2006-02-18;79496840914
16;3346704851;Беляева;Ольга;Матвеевна;2004-07-06;79238468125
2;3209952456;Антонина;Игоревна;Мельникова;1975-07-26;79517350448
2;3318412758;Горшков;Любосмысл;Всеволодович;1984-05-07;79759016513
19;2206122304;Ирина;Оскаровна;Большакова;1998-07-05;79585700396
7;2944171168;Ананий;Феоктистович;Алексеев;1985-11-22;79669507459
14;3735557200;Прохор;Геннадиевич;Васильев;2017-06-22;79938367491
19;3858852970;Ковалева;Жанна;Захаровна;1997-07-27;79035020877
2;2343444205;Дьячкова;Екатерина;Леонидовна;1993-10-09;79992943006
12;4231267672;Селиван;Васильевич;Лаврентьев;2000-12-25;79900540170
14;4985099842;Виталий;Викторович;Комаров;2000-01-10;79128661950
7;4442014081;Марфа;Ильинична;Дементьева;2004-08-09;79289427766
10;2655341934;Некрасова;Елена;Мироновна;2013-05-01;79086223019
8;3827475191;Галкин;Лонгин;Ефремович;1999-12-07;79927850350
14;4263651672;Тамара;Аскольдовна;Якушева;1994-12-03;79588197883
6;4946124124;Константинова;Валентина;Филипповна;2010-07-25;79603990244
9;2027456168;Лукия;Юльевна;Киселева;1978-05-10;79355651389
11;2578637346;Феофан;Арсенович;Лобанов;2013-11-09;79155883074
2;4723731455;Доронина;Ольга;Натановна;2011-03-04;79398474078
3;3658389400;Шубина;Людмила;Леонидовна;1991-01-18;79421169827
11;3555860860;Суворова;Нина;Яковлевна;2006-02-19;79657584405
7;4759253969;Родион;Фёдорович;Кабанов;1987-12-24;79406113203
17;3291323589;Зинаида;Борисовна;Красильникова;2005-08-02;79722011114
1;4627896483;Алевтина;Тимуровна;Козлова;1988-05-11;79174481009
17;3903044408;Назар;Фокич;Гурьев;1975-02-22;79891812661
10;2872533589;Анатолий;Якубович;Горбачев;1984-12-26;79968482424
7;2770957969;Федосеев;Юрий;Харлампьевич;1993-09-20;79743955834
10;3648472756;г-жа;Исаева;Синклитикия;2004-04-11;79579215718
4;3842548763;Евгения;Мироновна;Семенова;1980-05-28;79878286166
16;4654777151;Игнатьев;Никодим;Денисович;1982-05-02;79899074651
15;4925800697;Данила;Эдуардович;Воронцов;1981-03-03;79755567384
9;3452129758;Наина;Мироновна;Шарова;1995-11-01;79183832103
6;2903124012;Селезнева;Вера;Наумовна;1973-03-07;79539600039
3;2843752864;Денисов;Давыд;Ильясович;1995-11-23;79920189151
17;3702093905;г-жа;Белоусова;Лариса;2013-07-19;79676334736
3;4614212560;Ия;Аскольдовна;Григорьева;2018-04-18;79233393712
3;2598879332;Аристарх;Фёдорович;Третьяков;2003-08-08;79807027731
16;2739972958;Селезнев;Давыд;Фадеевич;1999-05-12;79048104426
5;4867548190;Суворов;Силантий;Арсенович;1986-10-16;79601348048
18;3264650922;Леонтий;Демидович;Елисеев;1999-12-14;79938304588
15;2808100594;Григорий;Эдуардович;Константинов;1992-07-12;79864911582
14;4293044219;Лора;Макаровна;Сазонова;2001-05-27;79099906559
15;2701907692;Лора;Вячеславовна;Вишнякова;1999-08-18;79962522545
17;3622760045;Сигизмунд;Харламович;Мясников;1998-01-31;79552019616
9;2434858878;Иларион;Терентьевич;Горшков;1981-04-13;79065022539
18;2327531916;Сафонов;Агафон;Анисимович;1993-06-05;79634544962
6;3612754978;Феврония;Даниловна;Соболева;2013-03-09;79480319964
14;4588877877;Лебедева;Феврония;Семеновна;1972-09-28;79104864208
1;2459531827;Юдин;Иван;Еремеевич;2017-06-22;79444193549
19;2508028582;Сысоев;Марк;Ануфриевич;1987-08-14;79198367209
6;2128256186;Евфросиния;Анатольевна;Иванова;1998-05-11;79734406613
8;4726277358;Копылова;Ия;Федоровна;1991-09-13;79713936076
19;3911834312;Антонина;Александровна;Белова;1996-05-22;79577235902
15;3738894045;Андрон;Терентьевич;Коновалов;1998-01-01;79676177144
2;3573848421;Иванна;Аскольдовна;Зимина;1998-04-24;79422610404
17;2715692720;Зинаида;Сергеевна;Бирюкова;1984-12-27;79956104239
3;2777169977;Русакова;Вера;Никифоровна;2004-02-23;79863517188
12;2720166241;Юлий;Алексеевич;Копылов;1971-05-24;79883289564
2;2721378588;Третьякова;Лариса;Васильевна;1983-07-19;79882099948
8;3302601555;Аполлон;Федотович;Большаков;2019-07-13;79038542237
9;2508299065;Никонов;Ян;Теймуразович;1973-04-17;79052542671
5;4751573852;Дмитриева;Зоя;Оскаровна;2021-05-04;79933690605
5;4979910324;Серафим;Елисеевич;Белоусов;1983-06-11;79895957110
13;3974600021;Прасковья;Александровна;Рогова;2021-07-26;79021298711
8;3080973397;Гришина;Александра;Ефимовна;2005-09-17;79608098627
18;2158457390;Евфросиния;Юльевна;Голубева;1983-08-19;79903619981
17;3016492387;Вероника;Эдуардовна;Дорофеева;1994-10-15;79268758804
2;4759040251;Соколов;Зосима;Бориславович;2010-06-05;79449266946
8;3510655963;Синклитикия;Валентиновна;Шарова;1994-05-05;79274889250
12;2617801944;г-жа;Дьячкова;Акулина;2017-10-20;79073743275
6;3143535194;Никитина;Октябрина;Вячеславовна;1984-01-23;79977126655
11;4965644341;Валерия;Георгиевна;Нестерова;2004-06-03;79651173204
3;3095171976;Игнатьев;Ювеналий;Валентинович;1999-02-09;79964689445
7;3754797231;Боян;Федосьевич;Тарасов;1980-08-06;79551640238
15;4008656389;Радислав;Германович;Иванов;1984-08-26;79263501833
11;4528215067;Ширяев;Венедикт;Вилорович;1981-07-04;79406972807
17;2052511118;Чернов;Радислав;Арсеньевич;2013-03-11;79103684743
1;2211670832;Александра;Рубеновна;Матвеева;1991-12-30;79056838445
14;4676723629;Белоусов;Андрей;Борисович;1994-11-16;79023494967
2;4473259947;Федор;Марсович;Кузьмин;2020-07-20;79755368472
1;3526367025;Логинов;Твердислав;Давидович;1981-03-13;79325693171
6;4646352453;Ефрем;Викторович;Князев;1995-06-02;79953613957
14;3114597884;Ия;Архиповна;Блохина;1976-09-16;79533454965
14;3056066666;Василиса;Захаровна;Крюкова;1991-10-30;79627615214
8;3218061020;Захар;Бориславович;Мартынов;2017-12-28;79455884111
1;2668473723;Силин;Сергей;Ануфриевич;1972-05-31;79430857382
3;2417820439;Петрова;Эмилия;Руслановна;1988-08-17;79064138001
13;3432749317;Семенова;Наталья;Семеновна;2010-01-01;79576426850
4;4201958305;Жанна;Павловна;Быкова;1972-12-15;79436577682
17;3929897048;Нина;Тарасовна;Казакова;1995-03-25;79261407607
4;4557391537;Анисимов;Панкратий;Феодосьевич;1982-04-15;79991150207
11;3189347847;Викторин;Иосифович;Кононов;2018-06-01;79859842739
6;2101178084;Тимофей;Гертрудович;Власов;1983-06-12;79955870975
9;3090623537;Мефодий;Елизарович;Гусев;2003-02-12;79998007784
1;3506369446;Виктория;Натановна;Гришина;1983-01-16;79175442546
9;3922163185;Соболева;Феврония;Эдуардовна;2013-09-21;79417876318
2;4757763333;Евгений;Феофанович;Сергеев;2021-05-14;79114320680
16;2036019427;Тихонова;Майя;Вениаминовна;1977-05-11;79687834475
17;2608402872;Галина;Олеговна;Рожкова;1993-01-19;79961922364
12;2146027514;Элеонора;Евгеньевна;Юдина;1994-06-06;79582908257
6;3577111553;Фокин;Капитон;Марсович;1974-06-27;79972967230
15;3446581318;Август;Всеволодович;Орехов;1984-08-04;79638203899
17;3055996268;Аникита;Демидович;Сидоров;1974-10-07;79479320335
19;4225636684;Вера;Даниловна;Мамонтова;1989-10-02;79585378505
8;4648934499;Ефремова;Юлия;Богдановна;2014-01-14;79641552889
8;3563012211;Александрова;Варвара;Егоровна;1989-08-10;79262293881
9;4094944432;Шубина;Тамара;Робертовна;2001-04-08;79285896995
6;4383276822;Савелий;Трофимович;Комаров;1983-06-17;79388202547
17;2486190793;Татьяна;Леонидовна;Волкова;2010-02-11;79077474865
16;3485100647;Агафья;Валериевна;Кулакова;1972-10-17;79634329707
17;2283955628;Терентьева;Мария;Сергеевна;2017-02-09;79846742811
14;4318851285;Евгений;Артурович;Красильников;1998-07-26;79079020481
2;2785001850;Сысоев;Никодим;Гордеевич;1994-04-14;79934878127
3;2117825029;Евдокимов;Азарий;Викентьевич;2016-10-30;79372627952
17;2735396985;Никитин;Гостомысл;Чеславович;2008-02-24;79367585930
11;4509909887;Ирина;Максимовна;Романова;2005-04-01;79919408450
9;3375972306;Таисия;Руслановна;Шарова;2000-11-06;79713955152
7;3393218810;Евсеев;Ульян;Валерианович;1995-09-20;79301748038
15;2886495484;Прасковья;Рубеновна;Анисимова;2017-06-28;79296803006
9;2607335575;Кононов;Гостомысл;Ефремович;1994-12-08;79788626676
17;2632648237;Лаврентьева;Любовь;Геннадьевна;2008-07-19;79937140551
5;2026951646;Пелагея;Игоревна;Горбачева;1998-06-10;79961158982
10;4625589359;Лора;Константиновна;Васильева;2003-12-09;79618155806
6;4354315569;Юлия;Ивановна;Логинова;1986-02-21;79160759143
19;2994063199;Жанна;Юльевна;Боброва;2000-06-03;79948565327
13;4590564322;Егор;Гурьевич;Федотов;2001-06-26;79800351769
4;2750244192;Никифоров;Вениамин;Изотович;1992-07-12;79440832366
18;2975760559;Горбунов;Мартьян;Устинович;1990-10-23;79786753408
18;4775063795;Ильина;Елизавета;Вениаминовна;2008-11-18;79518647357
3;3648800670;Лука;Анисимович;Тимофеев;2004-10-28;79123286117
16;3036998957;Мартынова;Клавдия;Вениаминовна;2008-09-13;79955732339
18;3014183569;Ираида;Оскаровна;Носкова;2020-03-29;79682475255
4;3416469778;Наумова;Анастасия;Егоровна;2000-07-04;79973897074
8;3985277171;Карпова;Октябрина;Константиновна;1979-05-29;79351579424
18;2961632564;Воробьева;Татьяна;Даниловна;1971-09-22;79620683228
17;4574866235;Ермаков;Моисей;Евсеевич;2003-07-04;79697947893
17;4802248762;Аникита;Ефимович;Доронин;1993-06-21;79205266995
17;3928788611;Русакова;Олимпиада;Ивановна;2014-01-06;79854620226
7;4089651160;Дарья;Болеславовна;Шубина;1998-02-28;79460484609
7;3528514439;Матвеев;Адриан;Демьянович;1974-12-21;79035422810
13;3930809931;Никитин;Степан;Даниилович;1971-04-07;79067637263
2;2751888455;Жанна;Альбертовна;Колесникова;1991-10-08;79456976325
16;2762230054;Сергеев;Гордей;Харламович;2007-08-11;79598143366
14;4294537014;Лев;Бенедиктович;Лобанов;2009-04-26;79884046874
14;2742219236;Прокл;Архипович;Игнатов;1985-12-16;79784358215
19;2181979680;Князева;София;Рудольфовна;1985-10-05;79402468350
8;2531185503;Майя;Архиповна;Петухова;2001-10-22;79702237131
16;3318442352;Константинов;Гаврила;Устинович;2017-09-20;79413103873
5;2403210900;Одинцов;Рубен;Федосьевич;1994-12-30;79011061086
18;4285219733;Анисимов;Радован;Иосифович;1981-01-11;79132955401
2;4026578201;Марфа;Станиславовна;Павлова;2010-01-22;79750705538
9;4873441389;Лобанова;Анжела;Леоновна;1993-06-05;79474890026
18;3038843862;Федор;Феоктистович;Лебедев;2007-07-29;79105589144
19;4802068360;Нонна;Ивановна;Федотова;1972-09-24;79883999610
16;4358969234;Герасимов;Януарий;Васильевич;1986-07-05;79732983903
4;4460185585;Рогов;Андрон;Афанасьевич;1989-11-19;79179873296
7;3618254031;Ольга;Станиславовна;Коновалова;1996-04-17;79331143196
13;2529351706;Исай;Ааронович;Князев;1997-10-08;79177993123
3;3811862473;Кудрявцев;Корнил;Вячеславович;2021-03-20;79610285734
7;4828371799;Кондрат;Фомич;Сысоев;2013-08-29;79034460524
4;2173028727;Ершова;Ольга;Геннадьевна;1994-11-04;79226156913
14;3530104605;Лидия;Васильевна;Казакова;2009-02-22;79726077752
14;2627928491;Родионова;Милица;Афанасьевна;2014-06-06;79844806579
4;2380749967;Олимпий;Герасимович;Лапин;1974-02-16;79339074826
3;2324950344;Рябов;Ипатий;Фомич;2014-10-03;79905543433
8;4021699876;Третьяков;Светозар;Демидович;2002-12-17;79340268301
18;3312267235;Сорокина;Кира;Вячеславовна;1997-02-26;79950269546
8;4127895888;Александра;Тарасовна;Комарова;1980-06-15;79217442332
1;3570861475;Ширяева;Ия;Мироновна;1992-06-11;79240190015
11;4525939527;Дмитрий;Матвеевич;Белозеров;1970-11-16;79545050292
7;2005869627;Парамон;Анисимович;Иванов;1985-11-12;79182759592
12;3912982581;Агата;Александровна;Маркова;1975-12-23;79166269403
8;2161673713;Савина;Фёкла;Артемовна;2015-05-26;79763798465
16;3663259889;Тетерина;Оксана;Кирилловна;1990-10-23;79599424236
11;2038919576;Устинова;Агата;Константиновна;2016-07-26;79077885909
1;4324979106;Фадей;Зиновьевич;Осипов;1997-09-30;79174254917
5;2178381613;Лариса;Мироновна;Никифорова;2019-12-10;79833116739
9;2759164492;Ширяева;Оксана;Вениаминовна;1994-10-21;79551555486
15;4455148265;Лидия;Эльдаровна;Петухова;1975-08-05;79359446083
11;4658141977;Лебедев;Казимир;Егорович;1970-04-08;79397536985
4;3915827896;Лазарев;Фадей;Артемьевич;2004-10-18;79579585163
19;2181820618;Анастасия;Архиповна;Кононова;1989-04-12;79145152488
19;4383039558;Мартьян;Феофанович;Лукин;2002-11-22;79433679852
13;4039863678;Таисия;Харитоновна;Гущина;2015-11-12;79294192711
7;2728556062;Ширяева;Нинель;Сергеевна;2007-11-05;79102304618
10;4969319548;Анисимова;Маргарита;Архиповна;1970-05-18;79208933496
14;4912681025;Колесникова;Элеонора;Рудольфовна;1976-08-10;79264176254
17;3114925067;Соболев;Евстигней;Денисович;1976-12-05;79472957214
18;3002067604;Ермакова;Марфа;Артемовна;2003-07-17;79778710052
16;3271889271;Виссарион;Витальевич;Красильников;2012-12-22;79829875960
13;2115944044;Назаров;Радован;Иосифович;2017-09-08;79830524028
19;4884495596;Беляева;Лора;Николаевна;1987-12-07;79367629404
6;3931621680;Всеволод;Елизарович;Петров;1979-01-03;79956908924
5;4393015513;Антонова;Тамара;Мироновна;1985-02-25;79457818585
12;3815994357;Галкина;Анжела;Ниловна;1993-05-15;79423613888
18;4406124065;г-н;Гусев;Игнатий;1973-02-25;79570265253
7;3295837825;Фёкла;Болеславовна;Быкова;1981-01-08;79112046213
10;4464632990;Болеслав;Евстигнеевич;Фокин;1997-03-25;79599179331
5;2623597498;Быкова;Милица;Захаровна;2001-07-11;79891584790
7;2689417272;Гаврила;Данилович;Крылов;1998-11-08;79156415600
5;3764473332;Феликс;Ерофеевич;Сорокин;2009-06-25;79648867798
5;4714285355;Ананий;Ануфриевич;Казаков;2012-01-25;79797678791
7;4386094997;Стрелкова;Вероника;Вадимовна;1975-12-18;79380519776
15;2118507152;Бирюкова;София;Павловна;2001-02-05;79599943301
3;3355434555;Воронов;Эммануил;Феофанович;2014-08-28;79160825141
6;3635801016;Кира;Викторовна;Романова;2021-06-20;79168611151
12;4247269257;Нонна;Васильевна;Кудрявцева;1997-12-07;79402187187
6;2516721014;Любим;Дмитриевич;Ситников;2017-11-28;79741747492
18;4080159051;Сысоева;Антонина;Федоровна;1995-09-08;79140970403
13;4321444309;Субботина;Октябрина;Ниловна;1975-03-13;79139929260
7;2555050223;г-жа;Петрова;Полина;1993-05-31;79484456749
9;4570987740;Евгения;Болеславовна;Гаврилова;1982-08-26;79689621800
8;3967670797;София;Борисовна;Мухина;2013-07-02;79151164779
2;2693552971;Дорофеева;Глафира;Константиновна;2009-09-16;79913661403
16;2904878616;Потап;Гурьевич;Дроздов;2020-09-18;79587786408
12;3086757511;Марфа;Леоновна;Власова;2004-10-10;79364047926
15;3792676548;Кулагина;Таисия;Тимофеевна;1977-01-12;79303185231
11;2211973464;Лукьян;Харлампович;Константинов;1989-07-28;79564945168
13;3285013092;Филимон;Архипович;Кошелев;1988-12-05;79995158985
8;4486956405;Валентин;Герасимович;Козлов;2000-12-16;79827924019
10;4003992665;Кузьмина;София;Ниловна;2003-05-12;79971810531
8;4881886546;Виктория;Юльевна;Уварова;1979-11-07;79552277831
5;4891795404;Надежда;Аскольдовна;Никитина;2004-08-22;79176889948
10;4465740944;Гордеев;Леонид;Ефстафьевич;1989-06-04;79648199033
1;3605898477;Дементьев;Фома;Филимонович;1991-01-18;79873608438
3;3243460540;Амос;Елизарович;Зайцев;2014-07-26;79343401920
15;2130935722;Зимин;Евграф;Терентьевич;1971-07-27;79967717944
18;4583241057;Измаил;Елисеевич;Ильин;2017-04-11;79383576464
6;3098850047;Октябрина;Кузьминична;Мамонтова;1995-07-23;79826238392
4;3072230830;Киселев;Аполлон;Давыдович;2013-01-28;79308568530
15;3748847970;Копылов;Егор;Григорьевич;2010-10-08;79514492076
5;2634368721;Татьяна;Федоровна;Лаврентьева;1998-02-12;79501626359
6;3636853578;Сорокина;Елена;Захаровна;2019-10-01;79493672095
3;3693053057;Анастасия;Руслановна;Крюкова;1986-09-27;79200727221
3;4971603472;Панкрат;Демьянович;Кириллов;1993-12-11;79370115279
10;3021200342;Нинель;Владимировна;Лукина;2006-11-28;79635382390
12;3582018698;Дементьев;Исай;Антонович;1973-02-05;79538210292
11;3743132626;Соболева;Агата;Афанасьевна;1974-10-02;79936222941
1;4337157154;Лихачев;Фирс;Феоктистович;1971-12-20;79755432754
5;3600267238;Элеонора;Александровна;Пахомова;1994-01-24;79318275878
18;2258259273;Артемьева;Анастасия;Ефимовна;2015-11-25;79116318488
19;4515052692;Вышеслав;Аксёнович;Евсеев;1984-08-28;79301632753
2;2521612235;Поляков;Венедикт;Игоревич;1990-01-14;79187192634
12;2071761089;Бирюков;Авдей;Харлампьевич;1989-01-14;79608380066
3;4842786727;Щербаков;Макар;Харлампьевич;2011-02-04;79960460330
16;3194617498;Всеслав;Валерьевич;Коновалов;1985-02-20;79746955345
13;4427831107;Варфоломей;Анатольевич;Панов;2003-12-02;79971103297
3;2504549616;Алина;Артемовна;Щербакова;1973-11-22;79293386144
15;4438819367;Игнатов;Данила;Филатович;1998-07-25;79791302465
17;3922092315;Наина;Анатольевна;Елисеева;1986-06-07;79757416417
18;3344336606;Эмилия;Харитоновна;Осипова;1998-09-10;79728745191
18;3099405185;Ратибор;Фадеевич;Горбачев;1997-07-30;79231454009
10;2505209713;Клавдия;Даниловна;Ефимова;1994-11-05;79159254244
10;4548142018;Яковлева;Антонина;Ниловна;2010-12-08;79697803394
19;4287697418;Лыткин;Мартьян;Иосифович;1987-07-18;79873810497
18;3066983922;Мефодий;Валерьевич;Селезнев;2010-10-20;79184522635
8;2042817122;г-н;Зимин;Иларион;1994-05-23;79886671030
1;2544091751;Полякова;Тамара;Александровна;2004-10-23;79141389973
11;3181621757;Таисия;Натановна;Зыкова;1990-06-02;79089802488
17;3891384115;Наумов;Галактион;Гордеевич;2018-09-23;79083500102
15;4350850279;Кошелев;Ипат;Юльевич;2020-06-17;79649953392
6;2393899917;Якуб;Якубович;Власов;2012-12-30;79030717994
10;2441261219;Август;Дорофеевич;Кулагин;2013-12-10;79854949717
1;2916512164;Капитон;Матвеевич;Комиссаров;1989-05-26;79768270026
12;2962134121;Синклитикия;Валериевна;Киселева;2008-01-27;79100572695
1;3935346771;Лидия;Геннадиевна;Тимофеева;2010-08-18;79297768812
10;2278812392;Яков;Ефремович;Колесников;1977-06-25;79450530553
11;2296133619;Марфа;Ефимовна;Фокина;2009-04-11;79695496482
9;2782584819;Остап;Теймуразович;Афанасьев;2016-06-13;79761245474
13;3268004985;Мечислав;Артурович;Комаров;1975-03-01;79405580759
7;2948542706;Носков;Иларион;Федосеевич;2011-12-03;79614549220
7;2625995947;Виноградова;Евдокия;Николаевна;1982-02-23;79274951493
11;2667119367;Захаров;Рубен;Марсович;2008-03-04;79319662248
16;4567552919;Мартьян;Ефимьевич;Архипов;1977-03-09;79960609698
14;2822624264;Журавлева;Алла;Владимировна;2014-01-30;79017605043
3;2065824205;Марков;Бажен;Евсеевич;2000-03-22;79996017213
4;3954134193;Тихон;Юлианович;Константинов;1988-07-30;79222838178
19;4362258830;Веселов;Ферапонт;Зиновьевич;1983-11-21;79473428367
12;3810805766;Терентьев;Мирон;Федосьевич;1991-08-27;79913868708
14;4553557681;Прохорова;Милица;Ивановна;2012-05-26;79837540555
9;2724249193;Капустин;Христофор;Гавриилович;1978-05-23;79002837368
18;2763160884;Егорова;Лукия;Андреевна;1971-10-04;79639644290
2;2761982346;Ия;Богдановна;Лукина;1984-01-18;79198938660
13;3678389522;Емельян;Викентьевич;Орлов;1983-05-15;79908444940
4;3781955545;Вероника;Семеновна;Бирюкова;1980-04-13;79415243040
12;2796511062;Фаина;Кузьминична;Ширяева;1982-12-26;79737009598
8;2655303805;Жанна;Святославовна;Логинова;2007-08-13;79315836229
4;4425642578;Лора;Геннадиевна;Зиновьева;2018-09-14;79312543303
16;2035087367;Павлова;Феврония;Харитоновна;1999-04-28;79974524917
9;2407120373;Стрелкова;Анжела;Матвеевна;1974-08-18;79369554838
15;4168587339;Панкрат;Глебович;Никифоров;1987-03-30;79474230343
13;3630175904;г-жа;Третьякова;Татьяна;1975-07-04;79413409211
6;2924715244;Исакова;Екатерина;Ждановна;1991-06-06;79594626825
2;3350340453;Клавдий;Дорофеевич;Носков;2000-06-06;79889709675
1;2683935462;Молчанова;Ульяна;Дмитриевна;1994-07-20;79241403745
4;3465308558;Кошелев;Симон;Владиславович;1986-01-17;79031623336
18;3524986603;Евдокимов;Кондратий;Валерианович;1973-09-29;79356348312
13;3413548719;Панкрат;Георгиевич;Виноградов;1998-06-10;79714694397
4;3813236100;Игнатова;Ольга;Оскаровна;2013-09-02;79272624781
16;4062423305;Власова;Тамара;Сергеевна;2007-10-18;79771610149
4;3019822176;Зыкова;Ольга;Юрьевна;1979-09-19;79374661233
16;3586835653;Майя;Вячеславовна;Данилова;1970-06-09;79969375259
7;2817279296;Игнатов;Филимон;Демидович;2003-01-05;79491213205
13;2153413905;Лихачев;Устин;Тарасович;1987-04-25;79009626002
10;3891211091;Екатерина;Дмитриевна;Полякова;2008-08-30;79784104848
7;4717910682;Светлана;Артемовна;Петрова;2002-11-21;79482952156
9;4794668475;Вацлав;Валентинович;Иванов;2018-03-25;79321599635
12;4059388479;Агафонова;Майя;Альбертовна;1989-11-22;79398759341
5;4363137566;Горшкова;Анастасия;Константиновна;2004-09-02;79586923637
10;2993793847;Регина;Львовна;Смирнова;1975-12-26;79698442897
17;2890795600;Влас;Федотович;Голубев;2018-01-15;79830010745
1;4146457166;Ким;Фёдорович;Самойлов;1976-08-01;79957381041
14;3311670872;Тетерин;Павел;Арсеньевич;2000-12-03;79927987915
2;3428306823;Владимиров;Глеб;Фокич;1976-02-20;79231991674
14;3346219834;Зосима;Фролович;Пахомов;2017-12-19;79997234102
15;2486904440;Смирнов;Афиноген;Анисимович;1986-12-04;79286024530
12;3337470961;Матвей;Эдуардович;Казаков;1977-01-25;79983402466
12;2861618584;Юдин;Ананий;Тихонович;2014-12-21;79319727968
1;2423023626;Элеонора;Макаровна;Елисеева;1984-03-28;79967954840
4;4415629911;Ладислав;Игоревич;Афанасьев;1994-10-08;79348757083
12;4863649650;Фёкла;Константиновна;Одинцова;2001-02-12;79033111048
6;3904674332;Борисова;Лукия;Афанасьевна;1975-03-06;79746412075
6;2492500365;Давыдова;Нонна;Даниловна;2014-08-29;79742816085
12;2495977667;Синклитикия;Артемовна;Ермакова;2005-05-04;79271319481
18;3553335832;Трофимов;Софон;Фролович;1997-10-12;79896870965
11;4743794761;г-н;Потапов;Галактион;2008-02-23;79259892624
17;3468235862;Журавлева;Жанна;Борисовна;1984-03-16;79273433472
9;2828353118;Маслов;Аполлинарий;Терентьевич;1986-02-17;79757297918
8;4357531978;Жанна;Богдановна;Ефимова;1988-10-27;79014158280
18;4850834279;Акулина;Кузьминична;Селиверстова;1971-09-29;79970894094
1;4820950134;Комаров;Евгений;Федотович;2007-04-21;79248540839
4;4946594998;Раиса;Вячеславовна;Родионова;1982-11-14;79295143645
3;3167218979;Красильников;Евдоким;Ермилович;2013-04-04;79398832963
5;4723651164;Геннадий;Демидович;Федосеев;1985-04-22;79813093147
8;2024255687;Соловьева;Маргарита;Тимуровна;2008-02-08;79179828001
2;2110595558;Иванов;Лаврентий;Ефимьевич;2017-09-12;79691407053
8;3748297752;Тихон;Ааронович;Фролов;1972-06-17;79536553793
17;4418462125;Аполлон;Аверьянович;Колесников;1984-06-22;79359967310
7;2364357034;Юлия;Игоревна;Ильина;1995-07-28;79857258821
6;4264491851;Любовь;Петровна;Рыбакова;2002-08-22;79638144841
17;4312235597;Громова;Светлана;Юльевна;1998-10-04;79227685175
17;2034568603;Никонова;Нинель;Вениаминовна;2010-02-05;79636231814
4;2666887015;Валерий;Денисович;Воробьев;2003-12-10;79334283245
11;3427957572;Стрелкова;Акулина;Феликсовна;2014-08-29;79562239549
6;2301707918;Ладимир;Эдуардович;Горбачев;1971-12-05;79747255929
18;3123840966;Фирс;Фомич;Лапин;2015-04-26;79340241451
15;2895852342;Ермакова;Марина;Болеславовна;1973-03-12;79357477412
5;2387976628;Ираида;Мироновна;Харитонова;1975-03-01;79026086715
2;3269406417;Никита;Федосеевич;Данилов;2014-09-12;79944132289
6;3077569139;Зиновьев;Арсений;Ануфриевич;1979-06-10;79264229429
18;4735948800;Шашкова;Наталья;Ильинична;1970-06-29;79790558639
19;3597689748;Полякова;Агата;Ниловна;2019-03-07;79022926491
11;2461160147;Прасковья;Антоновна;Гусева;1970-05-03;79190048314
1;3010640183;Прокофий;Демьянович;Юдин;2007-04-20;79190084798
17;4508215674;Мамонтов;Ермолай;Федосеевич;2008-12-31;79043079285
9;4047109018;Кулагина;Алина;Анатольевна;1982-09-05;79024583722
19;3393226825;Никонова;Ульяна;Львовна;1975-08-19;79151680317
13;3785774476;Молчанов;Остромир;Александрович;2019-07-27;79265610677
15;4468567960;Алла;Эдуардовна;Зыкова;1973-01-14;79270083255
16;4018909578;Кузьмина;Фаина;Афанасьевна;2001-09-04;79184306959
10;4330189176;Горбачева;Лора;Ивановна;1987-08-30;79801273991
6;4645670392;Логинов;Станислав;Ефремович;1994-02-27;79661536827
19;2973493684;Капустина;Алевтина;Тимофеевна;1994-04-17;79054609538
6;3572575544;Добромысл;Харлампович;Кузнецов;1979-10-01;79264631785
4;4858145962;Кира;Кирилловна;Волкова;2002-05-09;79740741220
11;2593995443;Лукин;Владислав;Брониславович;1990-12-15;79599951826
14;4567903040;Попова;Нонна;Львовна;1994-03-23;79877556355
4;2753465111;Ковалев;Ермолай;Ааронович;2005-09-14;79422049312
6;2317149715;Иванна;Ждановна;Андреева;2007-10-19;79712001353
17;3172023979;Гаврилова;Мария;Кузьминична;1990-03-04;79747847248
14;3172548455;Раиса;Федоровна;Зайцева;1976-10-27;79544823843
2;2578897911;Цветкова;Марфа;Викторовна;1988-03-27;79577281541
12;3843044004;Серафим;Евстигнеевич;Цветков;2008-12-10;79682506580
16;2915323025;Евгения;Аркадьевна;Жукова;1991-12-25;79312657069
11;4216589846;Пономарев;Сильвестр;Тихонович;2015-02-25;79422376504
5;3212243511;Наина;Григорьевна;Петрова;1987-11-15;79776925405
6;2375723753;Лукин;Дмитрий;Димитриевич;2007-04-09;79450636140
10;3408321525;Аверьян;Глебович;Лазарев;1980-08-14;79798386474
11;2115598003;Воронов;Степан;Давидович;2008-12-12;79242323290
17;2344372588;Никита;Елизарович;Селезнев;1988-07-28;79919221034
4;3325329024;Валерий;Эдгардович;Быков;1972-12-01;79552653218
17;4947911939;Субботина;Надежда;Семеновна;1977-12-09;79295287113
16;3386442129;Галина;Егоровна;Крюкова;2005-03-06;79482016370
14;4289280277;Аникей;Валентинович;Беляев;1977-08-25;79201662737
10;4045666273;Валентин;Витальевич;Котов;2001-11-25;79862377581
6;2003266460;Алексей;Авдеевич;Лаврентьев;1992-09-13;79450220700
18;4091721536;Антонина;Никифоровна;Мясникова;1987-09-13;79940973829
2;3557520188;Меркушева;Олимпиада;Геннадьевна;1992-04-19;79334002712
8;3362237564;Соломон;Юлианович;Зуев;2012-12-03;79121426891
6;2626127737;Фокина;Октябрина;Станиславовна;2009-03-07;79517899976
6;2869564359;Максимова;Евгения;Эдуардовна;2010-05-06;79529120512
12;4165206760;Антонов;Евстафий;Измаилович;1984-03-10;79163954601
14;2590842665;Кабанов;Исай;Абрамович;1970-09-09;79090950210
5;2689045363;Оксана;Ефимовна;Фомина;2003-07-09;79174829239
12;4745152461;Зоя;Тимуровна;Никонова;1981-05-12;79196170276
14;2501885380;г-жа;Савина;Лукия;2001-06-24;79258329873
17;3999096259;Глеб;Федосьевич;Козлов;1970-06-11;79386687317
9;4830532094;Федот;Гертрудович;Брагин;1994-07-04;79960901279
8;2624810813;Соломон;Изотович;Петров;1988-02-14;79785651140
18;4574206846;Евфросиния;Ниловна;Федотова;1999-03-29;79515372440
2;3298784341;Христофор;Демьянович;Кудряшов;1987-11-10;79173086602
3;2048315017;Яковлев;Мокей;Елисеевич;1992-04-22;79663551077
3;3901703984;Богданов;Агафон;Ермолаевич;1970-11-21;79714812437
1;2043343262;Валентина;Богдановна;Колобова;2007-08-30;79785558756
3;2625263588;Наум;Бориславович;Зимин;2005-03-23;79678513877
2;2886151180;Васильева;Наталья;Святославовна;1985-08-28;79233365552
11;2123283651;Евгения;Филипповна;Котова;2008-10-07;79292032667
10;4763530488;Ирина;Васильевна;Доронина;1992-08-22;79594330361
13;3768472416;Иванов;Эрнест;Харитонович;1982-02-08;79143514305
16;3586214910;Зинаида;Олеговна;Бурова;2011-05-17;79198015214
12;3896867394;Василиса;Кирилловна;Воронцова;1975-12-07;79381699156
2;4931170298;Оксана;Рудольфовна;Денисова;2000-10-07;79970062085
5;4157701211;Клавдия;Матвеевна;Меркушева;1981-05-03;79201570345
19;3603343920;Евсей;Евстигнеевич;Ларионов;1998-12-05;79198081264
8;2031918108;Григорьев;Лукьян;Валентинович;1989-04-24;79256782801
19;4400457538;Вишнякова;Глафира;Олеговна;1979-09-28;79776626370
18;3690697614;Валентина;Артемовна;Сафонова;1987-12-26;79664814266
11;2977921664;Лобанова;Олимпиада;Александровна;2008-06-30;79844403701
6;3635129340;Лавр;Гертрудович;Кулагин;1986-12-08;79268661496
5;2951867766;Лапин;Наркис;Дорофеевич;1987-11-16;79683826426
8;3061024646;Федотова;Ирина;Матвеевна;2008-09-28;79871995739
3;2952229215;Красильникова;Синклитикия;Евгеньевна;1994-08-22;79316316690
7;4722100339;Моисеев;Лучезар;Иосифович;1993-07-20;79024319435
7;2442634712;Прохорова;Марина;Сергеевна;1980-01-16;79199864300
12;2318514040;Терентьев;Феофан;Бенедиктович;2003-05-24;79110001210
6;2611849327;Лукьян;Гавриилович;Белов;2019-05-20;79375564596
6;2329914725;Новикова;Регина;Мироновна;2011-11-18;79847729961
19;3012393605;Ульян;Филимонович;Филиппов;2011-07-29;79188391559
5;3638864100;Нинель;Тимофеевна;Федосеева;1981-10-16;79617475445
7;4663210525;Вероника;Леонидовна;Кудрявцева;1984-03-27;79314433933
11;4992541764;Носов;Борислав;Александрович;2004-02-06;79404093561
4;3438019986;Исай;Давидович;Егоров;1985-10-01;79409472456
6;4556214570;Олимпиада;Ильинична;Кудрявцева;2015-07-24;79317226414
4;3245081370;Шарапова;Вера;Вячеславовна;1971-05-05;79505587749
17;3696656380;г-н;Зимин;Варлаам;1980-09-05;79363951469
5;3729861073;Селиверстова;Евдокия;Борисовна;1990-07-21;79994584679
19;3772868979;Кабанов;Всеслав;Анисимович;1992-06-18;79652738932
12;4225831090;Михеев;Флорентин;Валентинович;1974-08-10;79616851350
10;4737931131;Лукия;Аркадьевна;Воронцова;2020-06-03;79312382884
16;4039365528;Сысоев;Лавр;Гордеевич;1981-12-03;79099355013
5;3092592663;Артемьева;Элеонора;Святославовна;1985-02-12;79313468689
7;2899035167;Ирина;Харитоновна;Кулагина;2007-07-10;79085520243
13;2112820918;Русаков;Добромысл;Адамович;1999-10-08;79028134413
19;2442012721;Щербаков;Иларион;Валерианович;2010-07-25;79081364791
7;3481079195;Назарова;Вера;Александровна;2005-12-24;79760758229
10;2486239474;Натан;Игнатович;Кудряшов;2003-03-28;79516720607
6;3906227800;Панов;Ян;Всеволодович;1980-07-15;79574951097
14;3404685155;Наумов;Тимур;Эдгарович;1995-01-28;79763620863
8;4969972381;Кузнецова;Ирина;Матвеевна;1973-03-22;79899996973
6;2560361892;Кузнецова;Раиса;Станиславовна;1973-12-07;79687183386
16;2776436457;Ирина;Мироновна;Медведева;2021-09-22;79253923284
3;4828583211;Прасковья;Станиславовна;Сазонова;1990-03-01;79943307510
15;2042696431;Регина;Васильевна;Мартынова;1993-01-30;79233315833
2;3442373359;Мишина;Вероника;Аскольдовна;2016-10-17;79542087047
7;3343724362;Кошелева;Жанна;Алексеевна;1991-11-27;79127533633
16;3996403213;Флорентин;Владиславович;Дорофеев;1980-12-03;79708295424
10;2369102356;Виктория;Максимовна;Владимирова;2006-10-16;79690508302
9;4625724326;Рогов;Ульян;Герасимович;1970-10-16;79133222319
4;3430602484;Никонов;Борислав;Гертрудович;1987-10-22;79776440402
6;4109013294;Прасковья;Антоновна;Мясникова;1982-04-12;79318299909
5;3019055171;Воробьев;Силантий;Ануфриевич;1974-12-25;79317979869
10;2546943274;Тит;Глебович;Осипов;1997-08-22;79672414974
1;2872521748;Мечислав;Богданович;Игнатьев;1984-11-10;79843703839
13;2987404467;Евдоким;Ильясович;Мишин;1980-11-01;79666935834
18;3679705574;Гусева;Олимпиада;Тимофеевна;2015-06-16;79854985541
5;2379771838;Полина;Даниловна;Белова;1997-06-06;79662360477
14;3784245783;Акулина;Аркадьевна;Веселова;1971-10-10;79992545795
7;4693668053;Алексей;Чеславович;Шубин;2008-01-27;79384499364
7;4528545002;Любовь;Робертовна;Соколова;1992-11-29;79735890712
9;4392734621;Сократ;Устинович;Панфилов;2001-05-20;79296036165
19;3960679997;Кира;Аркадьевна;Одинцова;1984-01-26;79659179058
7;3628541519;Ермил;Аксёнович;Блохин;2010-08-04;79827875973
2;3093461299;Романова;Алла;Мироновна;1981-09-09;79362314259
6;3230009154;Ефимова;Светлана;Тимуровна;1978-05-03;79163312090
18;4229635423;Татьяна;Оскаровна;Капустина;1984-08-28;79888574113
8;3033171947;Костина;София;Станиславовна;2000-12-12;79833115265
12;2224602893;Тетерина;Фаина;Эльдаровна;2008-03-23;79116140854
9;4977038301;Фадеева;Таисия;Петровна;2001-05-02;79793088070
8;3324741347;Королев;Лаврентий;Арсеньевич;1985-11-12;79187302097
7;3280183281;Шашкова;Валентина;Егоровна;1999-10-21;79546196239
3;3210374942;Таисия;Ивановна;Фомина;1986-08-31;79330408028
7;2566518397;Николаева;Анжела;Вячеславовна;2006-04-03;79692819686
10;2282093003;Агата;Олеговна;Шарова;1997-12-06;79318752234
10;2656572611;Юлия;Юльевна;Горбунова;2002-01-24;79902836631
14;3619094636;Орлов;Иосиф;Аверьянович;1999-11-06;79355388471
1;3298429618;Зоя;Борисовна;Тихонова;2003-04-20;79009732362
4;4613883088;Лев;Владиленович;Архипов;2012-02-20;79202801768
4;2797297793;Георгий;Фадеевич;Новиков;1971-08-27;79384402949
1;3238190687;Виссарион;Матвеевич;Лапин;1990-03-16;79999199113
4;2279771615;Мефодий;Антонович;Воронцов;1983-01-29;79817954321
2;2479080057;Кудрявцева;Агата;Рубеновна;1989-12-23;79142100234
15;3757825444;Русакова;Анастасия;Яковлевна;1981-04-09;79134873540
13;4561352355;Сильвестр;Тарасович;Лаврентьев;1985-11-15;79555726876
16;3142902405;Наина;Матвеевна;Павлова;1995-12-31;79714322002
15;2314089208;Изот;Федотович;Беляев;2009-10-30;79635130407
9;4149848789;тов.;Рожкова;Жанна;2018-12-07;79648066603
12;2972765670;Аверьян;Димитриевич;Дьячков;1992-02-12;79194024850
15;4249080214;Александрова;Евпраксия;Артемовна;1977-11-13;79544212823
4;3541446153;Елена;Геннадиевна;Рыбакова;2018-02-13;79735969342
3;2316449018;Щербаков;Яков;Егорович;1992-05-18;79820529617
15;3816190317;Леонтий;Валерианович;Лапин;2018-10-13;79092226557
7;2610955867;тов.;Хохлова;Прасковья;1977-03-26;79072226021
18;3095004271;Тимофеев;Любомир;Валерьянович;1972-10-25;79535702974
14;3712561110;Медведева;Нинель;Леоновна;1979-04-30;79702232867
7;3583567517;Евдокия;Юльевна;Матвеева;1976-06-15;79229958280
16;2876431641;Беляков;Ратмир;Викентьевич;2017-10-30;79349747625
10;3368860036;Бронислав;Матвеевич;Воронов;2007-01-15;79739497313
16;3586479200;Силина;Екатерина;Даниловна;1970-05-20;79725079380
4;2016262857;Варвара;Константиновна;Силина;2008-07-23;79603971718
4;3097203853;Артемий;Измаилович;Шашков;1994-10-02;79321581781
19;2613249350;Пахом;Ааронович;Белоусов;1994-06-30;79772414017
3;3797237211;Алексеева;Зинаида;Тарасовна;1977-09-28;79416605876
18;4084984345;Маслова;Екатерина;Николаевна;1976-11-14;79587844813
3;4609581434;Доронин;Амос;Гавриилович;1978-04-05;79534426356
16;3282636149;Ковалев;Ефрем;Тарасович;2007-09-04;79922740066
17;4678932342;Платон;Демидович;Кабанов;2009-05-04;79214189547
1;4853952622;Юлий;Чеславович;Ильин;1990-11-08;79797110489
7;2793805642;Дарья;Алексеевна;Ермакова;1976-11-18;79125043636
12;4393408933;Климент;Елисеевич;Некрасов;1988-10-06;79763853375
2;3652616430;Федосий;Федосьевич;Рогов;2004-02-07;79765351759
12;3463706910;Данилов;Прокофий;Демидович;1973-02-20;79482026524
18;2837427248;г-н;Русаков;Прохор;2016-02-02;79245250452
9;2653699506;Велимир;Харлампович;Кабанов;1976-04-23;79812083858
3;2742819345;Козлов;Самсон;Валентинович;1999-03-31;79410209073
9;2076270921;Елизавета;Анатольевна;Данилова;2020-08-27;79498497759
19;3575161517;Иван;Афанасьевич;Рожков;1995-07-12;79729944306
9;3653362062;Ян;Ефстафьевич;Игнатьев;1990-12-10;79844227782
7;4347091060;Татьяна;Федоровна;Николаева;1981-02-25;79333193230
2;4902525745;Емельянов;Степан;Феликсович;1995-01-18;79118810401
16;3498630753;Зайцева;Евгения;Дмитриевна;2020-05-18;79697140015
12;2376877757;Светлана;Ефимовна;Блинова;2017-05-20;79971326286
2;3343153963;Ульяна;Николаевна;Борисова;2011-01-01;79130628408
6;4447736877;Надежда;Геннадьевна;Рожкова;1992-09-26;79853464356
18;4755941886;Евлампий;Бенедиктович;Константинов;2016-03-06;79404237837
14;4416332863;Киселев;Викторин;Фёдорович;1973-06-25;79554176894
14;4977343197;Сергеева;Анна;Валентиновна;1974-03-04;79469247353
8;3664298967;Селиван;Иларионович;Комиссаров;1993-12-26;79530219839
14;3166012782;Артемьева;Жанна;Альбертовна;2016-07-28;79869209730
14;2043867007;Тарасова;Евгения;Геннадьевна;2020-04-26;79871171478
11;2807146992;Вера;Альбертовна;Трофимова;1977-03-09;79200639236
17;3290496802;Василиса;Аскольдовна;Гурьева;1993-10-15;79082272017
13;2803624075;тов.;Блохин;Сила;1981-12-06;79198630369
5;2295729894;Назарова;Валентина;Рубеновна;1994-10-17;79507440467
16;4745479931;Святослав;Иосипович;Борисов;1993-11-13;79113791597
12;2015423224;Панфилов;Демид;Ануфриевич;1997-09-14;79131171303
3;4866914655;Аскольд;Якубович;Рогов;2006-11-12;79554196210
17;2066661767;Крылов;Мстислав;Давыдович;1977-10-15;79538844534
17;3376814081;Рожкова;Валерия;Руслановна;1997-06-19;79293715585
18;2493112526;Зайцева;Фёкла;Станиславовна;1971-01-23;79593306746
1;4111700225;Панфилов;Пахом;Федосьевич;1997-03-09;79055043925
10;2157579050;Петров;Флорентин;Адамович;2019-02-03;79274265718
16;2935289989;Венедикт;Данилович;Воронов;2014-08-08;79089599617
5;3140851551;Афанасьев;Гаврила;Викторович;2005-09-07;79179803896
12;2698123622;Голубева;Пелагея;Эльдаровна;2002-07-22;79290973458
7;3093273810;Артем;Фомич;Лаврентьев;2010-01-28;79445747621
11;3320785457;Аксенов;Терентий;Жоресович;1992-01-30;79679354721
5;3644085179;Кудрявцева;Виктория;Ждановна;1971-06-27;79926639025
17;4331998155;Ефимова;Ольга;Кирилловна;2010-04-04;79940806055
1;2753834894;Будимир;Феофанович;Калашников;1979-06-18;79902804758
8;3021827079;Горбачев;Савелий;Алексеевич;1991-07-10;79164541981
14;3055343241;Ульяна;Вадимовна;Капустина;1982-09-03;79699228795
10;4778758674;Евдоким;Герасимович;Панов;1989-06-20;79638939798
12;2213415293;г-н;Антонов;Трифон;1997-08-09;79286837825
8;4591018814;г-н;Крюков;Филипп;1989-05-30;79110791024
6;2406170207;Анжелика;Тимуровна;Афанасьева;1998-04-25;79158028944
17;4336339770;Мария;Егоровна;Третьякова;1976-04-15;79973418088
10;3318155572;Соловьева;Вера;Степановна;1973-01-17;79543055014
19;4751539785;Соболева;Агафья;Ивановна;2011-11-02;79081371752
4;3594929462;Семенов;Демид;Адамович;2016-08-01;79522534796
8;3867009667;Любомир;Феликсович;Анисимов;2012-03-08;79541224869
17;4469471302;Ситников;Любим;Феликсович;1981-07-08;79460422014
4;2137731957;Наум;Арсеньевич;Фомин;1989-11-15;79433625392
18;2080887923;Феврония;Яковлевна;Большакова;1970-03-08;79822652069
17;3322377033;Мокей;Алексеевич;Галкин;1997-04-05;79553405991
12;2901831301;Иванна;Васильевна;Молчанова;1980-11-23;79359957227
16;3657524765;Измаил;Антипович;Туров;1981-05-03;79033112699
9;4937406504;Иванов;Порфирий;Ефстафьевич;1989-07-24;79553854857
5;4986706098;Сазонов;Творимир;Гаврилович;1978-06-30;79381484723
14;4990432043;Гаврила;Демьянович;Большаков;1981-12-10;79545706959
13;4931739600;Герасимова;Фаина;Никифоровна;1995-09-04;79870981377
17;2747469074;Шубин;Максим;Гертрудович;1987-10-04;79228800718
12;4242540003;Руслан;Еремеевич;Мельников;1986-07-12;79014342915
2;3082500575;Красильников;Владлен;Бенедиктович;1987-05-19;79674351721
8;4338353015;Ростислав;Арсеньевич;Пестов;1989-02-08;79504473081
14;3953920381;Давыдова;Ираида;Яковлевна;2006-05-19;79877866036
2;4014264066;Семен;Филиппович;Мишин;2017-01-18;79639349488
13;3229495514;Муравьев;Амос;Валерьевич;2018-03-14;79140365872
10;3081859481;Эмилия;Александровна;Лапина;2011-02-21;79124459390
18;3247241345;Агата;Ефимовна;Пономарева;2002-11-21;79007852822
16;3926018374;Носков;Влас;Ермилович;2004-10-28;79189403688
7;4609671029;Оксана;Геннадиевна;Осипова;1973-12-17;79519577838
17;3479215754;Тарас;Игнатович;Фомичев;2005-08-14;79604136673
15;3563240001;Ирина;Валентиновна;Одинцова;2012-01-21;79290179090
7;4526845458;Ларионов;Ермолай;Валерьянович;2020-05-14;79066817332
10;4343842915;Радислав;Бориславович;Тихонов;1998-08-24;79771110646
2;3796809542;Майя;Алексеевна;Козлова;1971-06-13;79183405674
3;4085152284;Кондратий;Исидорович;Андреев;2004-10-25;79772793605
7;4038127033;Калашников;Владислав;Ильясович;2012-01-29;79452047223
11;3881795790;Суворова;Анастасия;Архиповна;1977-07-08;79245453982
13;4750994667;Чеслав;Валерьянович;Агафонов;1974-08-29;79973399283
2;3642775634;Сазонова;Таисия;Евгеньевна;1978-03-01;79890477070
2;2349176119;Нифонт;Харлампович;Беляев;2011-07-08;79701023115
5;4337451794;Евдокия;Ивановна;Мамонтова;2019-06-26;79112985925
10;3523068897;Туров;Эрнест;Эдуардович;2007-11-19;79440690588
12;4805650949;Моисей;Архипович;Жданов;2004-12-11;79417631144
16;3494767207;Венедикт;Устинович;Андреев;2019-10-26;79758059092
17;2692793644;Кошелев;Иосиф;Викентьевич;1977-04-30;79897436704
2;3807517848;Кабанова;Юлия;Мироновна;1988-01-04;79998188519
9;4519880280;Спартак;Ануфриевич;Горбунов;2011-03-04;79679092554
5;2324007054;Савин;Ермолай;Бенедиктович;1973-01-07;79708375333
2;3027532991;Панфилов;Всеслав;Викентьевич;1989-05-29;79592716326
17;3137053337;Муравьева;Агата;Артемовна;1997-10-31;79449604531
8;3557477413;Зиновьева;Кира;Леоновна;2000-10-30;79537882634
5;2004297948;Шубин;Поликарп;Артурович;2020-02-06;79709014927
9;2309259080;Акулина;Михайловна;Дементьева;1999-08-10;79451074804
2;3825002150;Лобанова;Оксана;Филипповна;1983-09-25;79786836367
10;3585479228;Таисия;Павловна;Алексеева;1998-02-12;79536862675
9;4071743446;Капустин;Роман;Феодосьевич;1982-01-28;79176105307
12;3068911044;Цветков;Добромысл;Харламович;1976-09-22;79033824798
16;3041238263;Федотова;Клавдия;Вадимовна;1974-10-14;79580259675
5;4155345401;г-н;Журавлев;Светозар;2009-04-24;79842083582
15;4005216487;тов.;Баранова;Ангелина;1983-09-13;79492841866
8;4103495504;г-жа;Абрамова;Зинаида;1971-07-23;79682041764
12;4511592630;Савелий;Филатович;Фокин;1974-02-07;79590251188
13;3014477635;Гордеева;Феврония;Кузьминична;1970-03-17;79552194014
5;2638775772;Христофор;Авдеевич;Некрасов;1995-05-24;79138616322
15;3843601182;Марина;Эльдаровна;Зуева;2017-10-06;79884048995
17;4935424852;Кузнецова;Элеонора;Рубеновна;2021-06-17;79434739692
8;3555719238;Орехова;Алина;Юльевна;1998-04-04;79475279460
6;2849475127;Виталий;Власович;Мельников;1994-07-21;79128838374
11;2779430845;Зоя;Валентиновна;Костина;2017-02-25;79394947249
6;2502597753;Елизавета;Станиславовна;Медведева;2013-03-26;79600684585
2;2174409373;Капустин;Леонид;Вячеславович;1986-08-16;79711220072
17;4123168537;Титова;Наталья;Харитоновна;2018-09-06;79691390202
12;3251288782;Александра;Филипповна;Титова;1997-11-03;79977518910
13;2644230745;Попов;Архип;Игнатович;1983-09-12;79890571528
9;2383805275;Георгий;Адамович;Суханов;2001-02-23;79731109879
11;2740591005;Кондратьева;Зинаида;Богдановна;1989-12-13;79544883640
12;2265830160;Парамон;Филатович;Ефремов;1990-05-08;79647391033
2;3894467987;Степанов;Мирон;Юльевич;2003-07-28;79090745287
17;4406310301;Изот;Теймуразович;Сорокин;1988-09-02;79478401502
14;3966881499;Лукин;Давыд;Иларионович;2007-09-30;79439397414
13;3899801342;Никифорова;Нина;Феликсовна;2003-08-01;79614679723
14;4020414094;Любовь;Наумовна;Васильева;1983-12-25;79384138621
9;3194575906;Фокина;Феврония;Евгеньевна;2015-10-30;79103997612
9;2581092528;Жданова;Глафира;Захаровна;2018-07-16;79182720989
6;2105393171;Горшкова;Пелагея;Львовна;1995-10-04;79997905706
7;2036535593;Варвара;Артемовна;Емельянова;1972-04-04;79526223851
8;4190782082;Мирослав;Матвеевич;Артемьев;1994-11-17;79480455347
19;3069371367;Рубен;Иларионович;Трофимов;2010-03-14;79330340025
17;4178043845;Сильвестр;Владиленович;Дроздов;1978-07-31;79607070168
13;2862444781;Кузнецова;Раиса;Кузьминична;2016-02-03;79222408948
9;3306346873;Кузьмин;Терентий;Игнатович;1988-04-17;79787701564
5;4545877328;Русакова;Агата;Федоровна;1971-04-09;79832797188
4;4697899051;Максимильян;Эдгарович;Ситников;1999-09-04;79009852663
6;2265915492;Автоном;Давыдович;Елисеев;2011-09-06;79766353431
2;3957000727;Вацлав;Герасимович;Шилов;1992-08-07;79948036212
1;4595600502;Аристарх;Ааронович;Корнилов;1972-10-21;79164804608
9;3425066987;Эмилия;Павловна;Артемьева;1979-09-21;79747520835
14;4585911816;Агафья;Ильинична;Максимова;1991-05-21;79119432664
17;3091651235;Савина;Милица;Робертовна;1986-01-18;79234759733
3;4829604676;Феофан;Владиславович;Савельев;2013-11-22;79753072875
6;3616265897;Медведева;Евгения;Аскольдовна;2000-12-28;79220872799
2;2852164619;Ширяев;Аркадий;Трофимович;1988-02-27;79275407344
9;3849392009;Савин;Венедикт;Харлампьевич;2014-02-18;79316871847
6;2107302009;Виталий;Дмитриевич;Брагин;1984-01-28;79824366831
13;4532070636;Захарова;Полина;Антоновна;1987-09-28;79363741867
19;2617917087;Маргарита;Евгеньевна;Попова;2016-07-04;79290084943
17;2677556988;Милован;Бориславович;Соловьев;2002-09-11;79684553349
10;3017245874;Федор;Алексеевич;Игнатов;1971-05-25;79687884925
7;3171899572;Ираида;Святославовна;Зиновьева;1999-08-07;79171500649
9;2760851204;Миронова;Маргарита;Мироновна;2013-10-21;79439635982
7;3721906145;Ладимир;Германович;Русаков;2012-05-12;79543147631
3;3009419177;Ираида;Александровна;Игнатьева;2016-08-15;79026850379
3;4847095663;Феофан;Эдгарович;Афанасьев;2005-07-01;79652444601
19;4505713005;Ираида;Дмитриевна;Самсонова;1988-04-05;79649145898
17;4612666163;Анна;Руслановна;Егорова;1980-08-06;79983896435
9;4186306152;Конон;Гордеевич;Федотов;1975-08-05;79601263813
12;3138535585;Василиса;Аскольдовна;Пахомова;1986-01-12;79936517869
6;3532243647;Октябрина;Рубеновна;Ситникова;1980-06-17;79750679025
12;3555510576;Орлов;Игнатий;Георгиевич;2011-09-09;79000924211
6;2327384908;Андреева;Антонина;Ждановна;2017-08-13;79738658511
15;3215599755;Максимильян;Фадеевич;Федосеев;2004-03-24;79540022893
12;2415444585;Лукия;Тимуровна;Филатова;1992-04-10;79612152760
11;3389970618;Хохлова;Кира;Валентиновна;1999-11-23;79907707765
5;2999382628;Чернов;Олег;Валерианович;1972-12-05;79614804098
19;3025878883;Моисеев;Спиридон;Харлампьевич;2002-06-15;79954712226
19;4698531851;Ефремова;Зинаида;Анатольевна;2012-06-16;79587081662
2;3686933184;Дементьева;Дарья;Игоревна;1977-10-24;79737292806
8;2950547065;Фадеев;Сильвестр;Гаврилович;1976-05-11;79564969130
15;4641989289;Артемьева;Оксана;Анатольевна;2012-11-25;79921453025
15;4410323582;Мартынова;Нонна;Юльевна;1972-08-18;79488646053
1;3463072069;Филатова;Ангелина;Валериевна;2020-12-20;79620482844
14;3403380593;Куликов;Степан;Андреевич;1989-08-22;79658655930
3;4822858951;Наталья;Руслановна;Суворова;1993-02-10;79780054731
7;4437816606;Фомичева;Элеонора;Юльевна;2010-08-04;79418168170
6;4100056539;Князев;Илья;Эдгардович;1989-02-15;79395288422
18;4440477218;Ярослав;Валерианович;Кузнецов;1981-07-20;79084896004
1;2273367836;Дмитриев;Владимир;Геннадиевич;1985-02-08;79170312582
1;3673652478;Станислав;Брониславович;Дмитриев;2007-12-06;79374343310
3;2620647976;Мельников;Аскольд;Власович;2010-05-18;79019893955
15;3862750318;Мир;Трифонович;Фомин;2004-06-11;79297176942
19;4790653952;Кириллов;Натан;Адрианович;2008-05-02;79030218970
8;4299790818;Суханова;Елена;Харитоновна;1990-01-07;79707792830
2;4436884306;Ипатий;Ефремович;Борисов;1970-02-19;79595723682
19;2644879221;Лавр;Иосифович;Громов;1973-01-17;79878385709
8;4295730596;Лариса;Даниловна;Калинина;1998-06-30;79091459712
3;2838326906;Савватий;Юлианович;Потапов;2004-07-19;79725568274
19;3278437144;Крюков;Филипп;Фролович;1987-03-18;79273587281
13;2745476619;Хохлов;Олег;Ефимович;1985-09-13;79840991267
16;3211964170;Валерия;Олеговна;Герасимова;2015-02-13;79155720347
2;3413724587;Христофор;Изотович;Нестеров;1987-06-18;79846561386
3;3088759905;София;Филипповна;Казакова;1993-04-23;79575924569
15;4218781216;Гордей;Александрович;Комиссаров;1976-10-21;79995912860
5;2267941888;Пелагея;Болеславовна;Шилова;1985-08-17;79917315143
7;2502698421;Потап;Адрианович;Лукин;1991-08-13;79317632875
7;2604406488;Гурьев;Парфен;Гурьевич;1996-10-15;79320210455
2;2972234247;Рожкова;Феврония;Робертовна;1977-12-04;79963006329
8;2917330875;Лидия;Петровна;Никонова;2001-02-08;79128101067
5;2918672913;Павлова;Вероника;Игоревна;1972-09-12;79625011568
10;4909906617;Феофан;Жанович;Терентьев;2005-12-12;79112742753
10;4679298623;Роман;Адамович;Тимофеев;1976-03-17;79074764724
4;4601152143;Осип;Виленович;Котов;2016-04-12;79756045496
11;3698012997;Устинов;Болеслав;Адрианович;2008-10-31;79046115106
2;4191007060;г-н;Гришин;Фотий;1984-11-20;79669173646
7;2372319968;Васильева;Феврония;Захаровна;2000-12-27;79830493761
7;3484531561;Карл;Германович;Пестов;2009-12-13;79715032864
7;3268577687;Чернова;Наина;Артемовна;1986-09-11;79117981993
3;2105295612;Алевтина;Афанасьевна;Аксенова;2018-07-11;79974032195
5;4781293372;Гусев;Пахом;Виленович;2018-01-04;79204824435
15;3064270052;Кондратьева;Клавдия;Семеновна;2021-04-09;79982182569
3;3309611299;Агафья;Валериевна;Морозова;1991-08-01;79721697170
13;4562125908;Филимон;Измаилович;Тарасов;1990-10-12;79401875531
8;4017263834;Наталья;Макаровна;Кириллова;2014-08-14;79822989232
11;3729825835;Филиппова;Раиса;Евгеньевна;1972-06-04;79339381924
10;3690510414;Надежда;Владиславовна;Белоусова;2012-08-30;79727235100
13;3090083283;Элеонора;Никифоровна;Юдина;2019-07-11;79549067074
2;4309108986;Рогов;Панкратий;Ефимьевич;1995-09-17;79492931149
3;4371331903;Антонов;Панкрат;Эдуардович;2014-05-29;79607558352
3;3980651237;Федор;Бориславович;Рыбаков;1998-09-29;79741875724
3;4713306388;Анастасия;Рудольфовна;Моисеева;1980-02-29;79443847672
18;4409688337;тов.;Ситников;Панфил;1978-09-11;79087875705
6;3427159604;Белозеров;Боян;Фролович;1990-05-31;79665485473
11;4879088005;Агафья;Федоровна;Большакова;1974-12-20;79567710073
15;3401932489;Таисия;Егоровна;Агафонова;2018-06-19;79463431820
1;3679213350;Лазарев;Гедеон;Эдгарович;2021-04-25;79135485152
18;4682619927;Ширяев;Август;Фадеевич;2004-08-01;79380800662
4;4609019560;Андрей;Александрович;Богданов;1981-12-09;79751889347
6;4171039435;Милица;Константиновна;Пахомова;1999-12-24;79090442623
